palavra,categoria
assassina,crime_violencia
assassinato,crime_violencia
assassino,crime_violencia
chacina,crime_violencia
desigualdade,crime_violencia
discrimina,crime_violencia
escrava,crime_violencia
escravidão,crime_violencia
escravo,crime_violencia
estereótipo,crime_violencia
ku-klux-klan,crime_violencia
macaco,crime_violencia
morte,crime_violencia
morto,crime_violencia
nazismo,crime_violencia
nazista,crime_violencia
ódio,crime_violencia
opressão,crime_violencia
opressões,crime_violencia
polícia,crime_violencia
preconceito,crime_violencia
preconceituosa,crime_violencia
preconceituoso,crime_violencia
racismo,crime_violencia
racista,crime_violencia
senzala,crime_violencia
supremacia,crime_violencia
tronco,crime_violencia
violência,crime_violencia
afirmativa,empoderamento_luta
antirracismo,empoderamento_luta
antirracista,empoderamento_luta
ativismo,empoderamento_luta
ativista,empoderamento_luta
autoafirmação,empoderamento_luta
autoconhecimento,empoderamento_luta
autoestima,empoderamento_luta
beleza negra,empoderamento_luta
conquista,empoderamento_luta
conquistas,empoderamento_luta
consciência,empoderamento_luta
cota,empoderamento_luta
cotas,empoderamento_luta
direito,empoderamento_luta
direitos,empoderamento_luta
diversidade,empoderamento_luta
empoderada,empoderamento_luta
empoderado,empoderamento_luta
empoderamento,empoderamento_luta
empoderar,empoderamento_luta
empreendedorismo,empoderamento_luta
enegrecer,empoderamento_luta
enegrecimento,empoderamento_luta
equidade,empoderamento_luta
excelência,empoderamento_luta
igualdade,empoderamento_luta
inclusão,empoderamento_luta
inclusão racial,empoderamento_luta
justiça,empoderamento_luta
libertação,empoderamento_luta
líder,empoderamento_luta
liderança,empoderamento_luta
manifestação,empoderamento_luta
manifestações,empoderamento_luta
minoria,empoderamento_luta
minorias,empoderamento_luta
movimento,empoderamento_luta
movimento negro,empoderamento_luta
oportunidade,empoderamento_luta
oportunidades,empoderamento_luta
orgulho,empoderamento_luta
patrimônio,empoderamento_luta
plural,empoderamento_luta
pluralidade,empoderamento_luta
poder,empoderamento_luta
privilegio,empoderamento_luta
protesto,empoderamento_luta
quilombo,empoderamento_luta
quilombola,empoderamento_luta
reconhecimento,empoderamento_luta
reparação,empoderamento_luta
representatividade,empoderamento_luta
resgate,empoderamento_luta
resiliência,empoderamento_luta
resistência,empoderamento_luta
superação,empoderamento_luta
tolerância,empoderamento_luta
valorização,empoderamento_luta
áfrica,pessoas_lugares_organizacoes
aílton graça,pessoas_lugares_organizacoes
alicia keys,pessoas_lugares_organizacoes
althea gibson,pessoas_lugares_organizacoes
amarildo,pessoas_lugares_organizacoes
angela davis,pessoas_lugares_organizacoes
anitta,pessoas_lugares_organizacoes
aretha franklin,pessoas_lugares_organizacoes
arouca,pessoas_lugares_organizacoes
audre lorde,pessoas_lugares_organizacoes
barack obama,pessoas_lugares_organizacoes
barbosa,pessoas_lugares_organizacoes
bb king,pessoas_lugares_organizacoes
beto freitas,pessoas_lugares_organizacoes
beyoncé,pessoas_lugares_organizacoes
billie holiday,pessoas_lugares_organizacoes
bob marley,pessoas_lugares_organizacoes
breonna taylor,pessoas_lugares_organizacoes
carolina de jesus,pessoas_lugares_organizacoes
carolina maria de jesus,pessoas_lugares_organizacoes
carrefour,pessoas_lugares_organizacoes
chadwick boseman,pessoas_lugares_organizacoes
chimamanda,pessoas_lugares_organizacoes
denzel washington,pessoas_lugares_organizacoes
djamila,pessoas_lugares_organizacoes
djamila ribeiro,pessoas_lugares_organizacoes
djavan,pessoas_lugares_organizacoes
du bois,pessoas_lugares_organizacoes
dubois,pessoas_lugares_organizacoes
ellen oléria,pessoas_lugares_organizacoes
elza soares,pessoas_lugares_organizacoes
emicida,pessoas_lugares_organizacoes
fabiana cozza,pessoas_lugares_organizacoes
favela,pessoas_lugares_organizacoes
floyd,pessoas_lugares_organizacoes
frantz fanon,pessoas_lugares_organizacoes
frederick douglass,pessoas_lugares_organizacoes
gilberto gil,pessoas_lugares_organizacoes
globeleza,pessoas_lugares_organizacoes
gueto,pessoas_lugares_organizacoes
haiti,pessoas_lugares_organizacoes
ícaro silva,pessoas_lugares_organizacoes
idris elba,pessoas_lugares_organizacoes
issa rae,pessoas_lugares_organizacoes
iza,pessoas_lugares_organizacoes
jamaica,pessoas_lugares_organizacoes
james brown,pessoas_lugares_organizacoes
jay-z,pessoas_lugares_organizacoes
jeniffer nascimento,pessoas_lugares_organizacoes
joaquim barbosa,pessoas_lugares_organizacoes
kamala harris,pessoas_lugares_organizacoes
laverne cox,pessoas_lugares_organizacoes
lázaro ramos,pessoas_lugares_organizacoes
lebron james,pessoas_lugares_organizacoes
leônidas da silva,pessoas_lugares_organizacoes
lima barreto,pessoas_lugares_organizacoes
lupita nyong'o,pessoas_lugares_organizacoes
luther king,pessoas_lugares_organizacoes
majur,pessoas_lugares_organizacoes
malcolm,pessoas_lugares_organizacoes
mandela,pessoas_lugares_organizacoes
mano brown,pessoas_lugares_organizacoes
marielle franco,pessoas_lugares_organizacoes
martin luther king jr,pessoas_lugares_organizacoes
maya angelou,pessoas_lugares_organizacoes
mc carol,pessoas_lugares_organizacoes
meshach,pessoas_lugares_organizacoes
mia couto,pessoas_lugares_organizacoes
michael jackson,pessoas_lugares_organizacoes
miles davis,pessoas_lugares_organizacoes
milton nascimento,pessoas_lugares_organizacoes
muhammad ali,pessoas_lugares_organizacoes
naomi campbell,pessoas_lugares_organizacoes
negra li,pessoas_lugares_organizacoes
neymar,pessoas_lugares_organizacoes
nigéria,pessoas_lugares_organizacoes
nina simone,pessoas_lugares_organizacoes
obama,pessoas_lugares_organizacoes
octavia butler,pessoas_lugares_organizacoes
oprah winfrey,pessoas_lugares_organizacoes
pelé,pessoas_lugares_organizacoes
péricles,pessoas_lugares_organizacoes
pretinho da serrinha,pessoas_lugares_organizacoes
prince,pessoas_lugares_organizacoes
rihanna,pessoas_lugares_organizacoes
rosa parks,pessoas_lugares_organizacoes
ruanda,pessoas_lugares_organizacoes
samuel l. jackson,pessoas_lugares_organizacoes
samuel l jackson,pessoas_lugares_organizacoes
serena williams,pessoas_lugares_organizacoes
seu jorge,pessoas_lugares_organizacoes
simone biles,pessoas_lugares_organizacoes
spike lee,pessoas_lugares_organizacoes
stevie wonder,pessoas_lugares_organizacoes
sueli carneiro,pessoas_lugares_organizacoes
taís araújo,pessoas_lugares_organizacoes
tinga,pessoas_lugares_organizacoes
toni morrison,pessoas_lugares_organizacoes
trayvon martin,pessoas_lugares_organizacoes
tupac,pessoas_lugares_organizacoes
uganda,pessoas_lugares_organizacoes
usain bolt,pessoas_lugares_organizacoes
viola davis,pessoas_lugares_organizacoes
whitney houston,pessoas_lugares_organizacoes
zeca pagodinho,pessoas_lugares_organizacoes
zendaya,pessoas_lugares_organizacoes
zezé motta,pessoas_lugares_organizacoes
zózimo,pessoas_lugares_organizacoes
afoxé,raca_etnicidade_identidade
africana,raca_etnicidade_identidade
africano,raca_etnicidade_identidade
afro,raca_etnicidade_identidade
afrocentricidade,raca_etnicidade_identidade
afrodescendente,raca_etnicidade_identidade
afrofuturismo,raca_etnicidade_identidade
ancestralidade,raca_etnicidade_identidade
antidiscriminação,raca_etnicidade_identidade
antissemita,raca_etnicidade_identidade
axé,raca_etnicidade_identidade
beat,raca_etnicidade_identidade
black,raca_etnicidade_identidade
blues,raca_etnicidade_identidade
brancas,raca_etnicidade_identidade
brancos,raca_etnicidade_identidade
branqueamento,raca_etnicidade_identidade
breakdance,raca_etnicidade_identidade
cafuzo,raca_etnicidade_identidade
cafuzos,raca_etnicidade_identidade
candomblé,raca_etnicidade_identidade
capoeira,raca_etnicidade_identidade
carnaval,raca_etnicidade_identidade
colorismo,raca_etnicidade_identidade
cor,raca_etnicidade_identidade
crespa,raca_etnicidade_identidade
crespo,raca_etnicidade_identidade
descendência,raca_etnicidade_identidade
descendente,raca_etnicidade_identidade
desfile,raca_etnicidade_identidade
diáspora,raca_etnicidade_identidade
discriminação,raca_etnicidade_identidade
dread,raca_etnicidade_identidade
dreadlocks,raca_etnicidade_identidade
dreads,raca_etnicidade_identidade
embranquecimento,raca_etnicidade_identidade
etnia,raca_etnicidade_identidade
étnica,raca_etnicidade_identidade
étnico,raca_etnicidade_identidade
funk,raca_etnicidade_identidade
gênero,raca_etnicidade_identidade
gospel,raca_etnicidade_identidade
grafite,raca_etnicidade_identidade
herança,raca_etnicidade_identidade
hip hop,raca_etnicidade_identidade
hip-hop,raca_etnicidade_identidade
homem branco,raca_etnicidade_identidade
homens brancos,raca_etnicidade_identidade
identidade,raca_etnicidade_identidade
indígena,raca_etnicidade_identidade
índio,raca_etnicidade_identidade
jamaicano,raca_etnicidade_identidade
jazz,raca_etnicidade_identidade
kizomba,raca_etnicidade_identidade
kuduro,raca_etnicidade_identidade
latino,raca_etnicidade_identidade
maracatu,raca_etnicidade_identidade
melanina,raca_etnicidade_identidade
melaninado,raca_etnicidade_identidade
mestiça,raca_etnicidade_identidade
mestiço,raca_etnicidade_identidade
morena,raca_etnicidade_identidade
moreno,raca_etnicidade_identidade
mulata,raca_etnicidade_identidade
mulato,raca_etnicidade_identidade
mulher branca,raca_etnicidade_identidade
mulheres brancas,raca_etnicidade_identidade
naturais,raca_etnicidade_identidade
natural,raca_etnicidade_identidade
negra,raca_etnicidade_identidade
negras,raca_etnicidade_identidade
negritude,raca_etnicidade_identidade
negro,raca_etnicidade_identidade
negros,raca_etnicidade_identidade
nigeriana,raca_etnicidade_identidade
nigeriano,raca_etnicidade_identidade
parda,raca_etnicidade_identidade
pardas,raca_etnicidade_identidade
pardo,raca_etnicidade_identidade
pardos,raca_etnicidade_identidade
pele,raca_etnicidade_identidade
preta,raca_etnicidade_identidade
pretas,raca_etnicidade_identidade
preto,raca_etnicidade_identidade
pretos,raca_etnicidade_identidade
R&B,raca_etnicidade_identidade
raça,raca_etnicidade_identidade
raciais,raca_etnicidade_identidade
racial,raca_etnicidade_identidade
rap,raca_etnicidade_identidade
reggae,raca_etnicidade_identidade
samba,raca_etnicidade_identidade
soul,raca_etnicidade_identidade
street,raca_etnicidade_identidade
terreiro,raca_etnicidade_identidade
tradição,raca_etnicidade_identidade
trança,raca_etnicidade_identidade
tranças,raca_etnicidade_identidade
trap,raca_etnicidade_identidade
umbanda,raca_etnicidade_identidade
voz,raca_etnicidade_identidade
vozes,raca_etnicidade_identidade